-- phpMyAdmin SQL Dump
-- version 5.0.2
-- https://www.phpmyadmin.net/
--
-- Hôte : 127.0.0.1:3306
-- Généré le : ven. 04 juin 2021 à 16:06
-- Version du serveur :  5.7.31
-- Version de PHP : 7.3.21

SET SQL_MODE = "NO_AUTO_VALUE_ON_ZERO";
START TRANSACTION;
SET time_zone = "+00:00";


/*!40101 SET @OLD_CHARACTER_SET_CLIENT=@@CHARACTER_SET_CLIENT */;
/*!40101 SET @OLD_CHARACTER_SET_RESULTS=@@CHARACTER_SET_RESULTS */;
/*!40101 SET @OLD_COLLATION_CONNECTION=@@COLLATION_CONNECTION */;
/*!40101 SET NAMES utf8mb4 */;

--
-- Base de données : `election`
--

-- --------------------------------------------------------

--
-- Structure de la table `electeur`
--

DROP TABLE IF EXISTS `electeur`;
CREATE TABLE IF NOT EXISTS `electeur` (
  `idElecteur` int(11) NOT NULL AUTO_INCREMENT,
  `pseudo` varchar(20) NOT NULL,
  `Age` int(11) NOT NULL,
  `dateInscription` date NOT NULL,
  `idPartiElu` int(11) DEFAULT NULL,
  `idGouvernorat` int(11) NOT NULL,
  `dateDerniereElection` varchar(25) DEFAULT NULL,
  `motPasse` varchar(20) NOT NULL,
  PRIMARY KEY (`idElecteur`)
) ENGINE=MyISAM AUTO_INCREMENT=8 DEFAULT CHARSET=utf8;

--
-- Déchargement des données de la table `electeur`
--

INSERT INTO `electeur` (`idElecteur`, `pseudo`, `Age`, `dateInscription`, `idPartiElu`, `idGouvernorat`, `dateDerniereElection`, `motPasse`) VALUES
(1, 'jassem', 21, '2021-06-04', 3, 1, NULL, '123456'),
(6, 'test', 18, '2021-06-04', 1, 2, NULL, '123'),
(7, 'test1', 18, '2021-06-04', 1, 2, NULL, '123');

-- --------------------------------------------------------

--
-- Structure de la table `gouvernorat`
--

DROP TABLE IF EXISTS `gouvernorat`;
CREATE TABLE IF NOT EXISTS `gouvernorat` (
  `idGouvernorat` int(10) NOT NULL AUTO_INCREMENT,
  `nomGouvernorat` varchar(50) NOT NULL,
  `nombreSieges` int(10) NOT NULL,
  PRIMARY KEY (`idGouvernorat`)
) ENGINE=MyISAM AUTO_INCREMENT=27 DEFAULT CHARSET=utf8;

--
-- Déchargement des données de la table `gouvernorat`
--

INSERT INTO `gouvernorat` (`idGouvernorat`, `nomGouvernorat`, `nombreSieges`) VALUES
(1, 'Tunis ', 0),
(2, 'Ariana', 0),
(3, 'Manouba', 0),
(4, 'Ben Arous', 0),
(5, 'Nabeul', 0),
(6, 'Sousse', 0),
(7, 'Mounastir', 0),
(8, 'Mahdia', 0),
(9, 'Sfax', 0),
(10, 'Gabes', 0),
(11, 'Medenine', 0),
(12, 'Tataouine', 0),
(13, 'Gafsa', 0),
(14, 'Touzeur', 0),
(15, 'Kebeli', 0),
(16, 'Kairouan', 0),
(17, 'Tela', 0),
(18, 'Siliana', 0),
(19, 'Kef', 0),
(20, 'Jendouba', 0),
(21, 'Beja', 0),
(22, 'Kasserine', 0),
(23, 'Bizerte', 0),
(24, 'Zaghouan', 0),
(26, 'Sidi Bouzid', 0);

-- --------------------------------------------------------

--
-- Structure de la table `partipolitique`
--

DROP TABLE IF EXISTS `partipolitique`;
CREATE TABLE IF NOT EXISTS `partipolitique` (
  `idParti` int(10) NOT NULL AUTO_INCREMENT,
  `nomParti` varchar(20) NOT NULL,
  PRIMARY KEY (`idParti`)
) ENGINE=MyISAM AUTO_INCREMENT=8 DEFAULT CHARSET=utf8;

--
-- Déchargement des données de la table `partipolitique`
--

INSERT INTO `partipolitique` (`idParti`, `nomParti`) VALUES
(1, 'Annahdha'),
(2, 'Ettaillar'),
(3, 'PDL'),
(4, 'Front Populaire'),
(5, 'Ajjomhouri'),
(6, 'PDM'),
(7, 'Afek Tunis');

-- --------------------------------------------------------

--
-- Structure de la table `voix`
--

DROP TABLE IF EXISTS `voix`;
CREATE TABLE IF NOT EXISTS `voix` (
  `idVoix` int(10) NOT NULL AUTO_INCREMENT,
  `idGouvernorat` int(10) NOT NULL,
  `idParti` int(10) NOT NULL,
  `nombreVoix` int(10) NOT NULL,
  PRIMARY KEY (`idVoix`)
) ENGINE=MyISAM AUTO_INCREMENT=2640 DEFAULT CHARSET=utf8;

--
-- Déchargement des données de la table `voix`
--

INSERT INTO `voix` (`idVoix`, `idGouvernorat`, `idParti`, `nombreVoix`) VALUES
(553, 2, 7, 5397),
(552, 2, 6, 9896),
(551, 2, 5, 4842),
(550, 2, 4, 9393),
(549, 2, 3, 9310),
(548, 2, 2, 7070),
(547, 2, 1, 6407),
(546, 1, 7, 9351),
(545, 1, 6, 4839),
(544, 1, 5, 8092),
(543, 1, 4, 8662),
(542, 1, 3, 3456),
(541, 1, 2, 4946),
(540, 1, 1, 8747),
(185, 1, 3, 953),
(184, 1, 2, 2720),
(183, 1, 1, 9719),
(186, 1, 4, 9136),
(187, 1, 5, 9182),
(188, 1, 6, 1525),
(189, 3, 7, 5266),
(190, 4, 1, 9136),
(191, 4, 2, 9182),
(192, 4, 3, 1525),
(193, 4, 4, 9136),
(194, 4, 4, 9182),
(195, 4, 6, 1525),
(196, 4, 7, 5266),
(197, 1, 1, 4774),
(198, 1, 2, 8627),
(199, 1, 3, 9324),
(200, 1, 4, 8062),
(201, 1, 5, 7812),
(202, 1, 6, 5338),
(203, 1, 7, 6265),
(204, 2, 1, 9864),
(205, 2, 2, 855),
(206, 2, 3, 1822),
(207, 2, 4, 7378),
(208, 2, 5, 1778),
(209, 2, 6, 3550),
(210, 2, 7, 2113),
(211, 3, 1, 5060),
(212, 3, 2, 8504),
(213, 3, 3, 9907),
(214, 3, 4, 8650),
(215, 3, 5, 2528),
(216, 3, 6, 3646),
(217, 3, 7, 9737),
(218, 4, 1, 9177),
(219, 4, 2, 6707),
(220, 4, 3, 1482),
(221, 4, 4, 3995),
(222, 4, 5, 2284),
(223, 4, 6, 8886),
(224, 4, 7, 9145),
(225, 5, 1, 3052),
(226, 5, 2, 7604),
(227, 5, 3, 2297),
(228, 5, 4, 4312),
(229, 5, 5, 9895),
(230, 5, 6, 7944),
(231, 5, 7, 9443),
(232, 6, 1, 3327),
(233, 6, 2, 2135),
(234, 6, 3, 8772),
(235, 6, 4, 5573),
(236, 6, 5, 6865),
(237, 6, 6, 778),
(238, 6, 7, 3166),
(239, 7, 1, 5374),
(240, 7, 2, 3216),
(241, 7, 3, 5760),
(242, 7, 4, 4382),
(243, 7, 5, 9587),
(244, 7, 6, 8028),
(245, 7, 7, 1407),
(246, 8, 1, 3156),
(247, 8, 2, 5066),
(248, 8, 3, 8422),
(249, 8, 4, 3569),
(250, 8, 5, 1011),
(251, 8, 6, 7539),
(252, 8, 7, 2650),
(253, 9, 1, 1340),
(254, 9, 2, 7365),
(255, 9, 3, 5222),
(256, 9, 4, 3238),
(257, 9, 5, 4975),
(258, 9, 6, 7945),
(259, 9, 7, 4922),
(260, 10, 1, 8597),
(261, 10, 2, 9288),
(262, 10, 3, 7767),
(263, 10, 4, 3220),
(264, 10, 5, 2846),
(265, 10, 6, 4470),
(266, 10, 7, 8221),
(267, 11, 1, 3970),
(268, 11, 2, 3426),
(269, 11, 3, 6709),
(270, 11, 4, 6851),
(271, 11, 5, 4432),
(272, 11, 6, 8589),
(273, 11, 7, 1295),
(274, 12, 1, 4063),
(275, 12, 2, 9393),
(276, 12, 3, 8355),
(277, 12, 4, 7449),
(278, 12, 5, 8115),
(279, 12, 6, 8514),
(280, 12, 7, 8114),
(281, 13, 1, 6051),
(282, 13, 2, 519),
(283, 13, 3, 1916),
(284, 13, 4, 2991),
(285, 13, 5, 6730),
(286, 13, 6, 7266),
(287, 13, 7, 4601),
(288, 14, 1, 6034),
(289, 14, 2, 771),
(290, 14, 3, 3712),
(291, 14, 4, 7310),
(292, 14, 5, 4596),
(293, 14, 6, 4079),
(294, 14, 7, 3920),
(295, 15, 1, 580),
(296, 15, 2, 2570),
(297, 15, 3, 4825),
(298, 15, 4, 3179),
(299, 15, 5, 3865),
(300, 15, 6, 3664),
(301, 15, 7, 3983),
(302, 16, 1, 3648),
(303, 16, 2, 1772),
(304, 16, 3, 3207),
(305, 16, 4, 5709),
(306, 16, 5, 9260),
(307, 16, 6, 3021),
(308, 16, 7, 8690),
(309, 17, 1, 695),
(310, 17, 2, 2072),
(311, 17, 3, 1946),
(312, 17, 4, 4405),
(313, 17, 5, 7875),
(314, 17, 6, 5303),
(315, 17, 7, 2606),
(316, 18, 1, 7766),
(317, 18, 2, 4797),
(318, 18, 3, 3918),
(319, 18, 4, 5992),
(320, 18, 5, 2807),
(321, 18, 6, 1925),
(322, 18, 7, 6064),
(323, 19, 1, 863),
(324, 19, 2, 5966),
(325, 19, 3, 6308),
(326, 19, 4, 4398),
(327, 19, 5, 3455),
(328, 19, 6, 4186),
(329, 19, 7, 4907),
(330, 20, 1, 652),
(331, 20, 2, 3455),
(332, 20, 3, 9521),
(333, 20, 4, 9264),
(334, 20, 5, 7433),
(335, 20, 6, 2417),
(336, 20, 7, 819),
(337, 21, 1, 2396),
(338, 21, 2, 4570),
(339, 21, 3, 4613),
(340, 21, 4, 922),
(341, 21, 5, 3267),
(342, 21, 6, 6872),
(343, 21, 7, 4520),
(344, 22, 1, 7212),
(345, 22, 2, 8778),
(346, 22, 3, 7765),
(347, 22, 4, 6673),
(348, 22, 5, 5355),
(349, 22, 6, 1337),
(350, 22, 7, 554),
(351, 23, 1, 3088),
(352, 23, 2, 2112),
(353, 23, 3, 5130),
(354, 23, 4, 2952),
(355, 23, 5, 1640),
(356, 23, 6, 1272),
(357, 23, 7, 865),
(358, 24, 1, 2722),
(359, 24, 2, 8455),
(360, 24, 3, 7897),
(361, 24, 4, 4077),
(362, 24, 5, 5567),
(363, 24, 6, 2385),
(364, 24, 7, 2221),
(365, 1, 1, 6476),
(366, 1, 2, 6639),
(367, 1, 3, 1176),
(368, 1, 4, 8999),
(369, 1, 5, 3318),
(370, 1, 6, 8801),
(371, 1, 7, 8696),
(372, 2, 1, 8665),
(373, 2, 2, 3388),
(374, 2, 3, 2010),
(375, 2, 4, 1977),
(376, 2, 5, 1211),
(377, 2, 6, 5617),
(378, 2, 7, 529),
(379, 3, 1, 1551),
(380, 3, 2, 4120),
(381, 3, 3, 707),
(382, 3, 4, 9340),
(383, 3, 5, 6468),
(384, 3, 6, 6691),
(385, 3, 7, 4043),
(386, 4, 1, 4046),
(387, 4, 2, 8675),
(388, 4, 3, 5502),
(389, 4, 4, 2900),
(390, 4, 5, 6355),
(391, 4, 6, 5005),
(392, 4, 7, 3721),
(393, 5, 1, 1268),
(394, 5, 2, 2766),
(395, 5, 3, 2052),
(396, 5, 4, 836),
(397, 5, 5, 6130),
(398, 5, 6, 4975),
(399, 5, 7, 6996),
(400, 6, 1, 9872),
(401, 6, 2, 7902),
(402, 6, 3, 5475),
(403, 6, 4, 4262),
(404, 6, 5, 5606),
(405, 6, 6, 8856),
(406, 6, 7, 5048),
(407, 7, 1, 1425),
(408, 7, 2, 5113),
(409, 7, 3, 5537),
(410, 7, 4, 5258),
(411, 7, 5, 6026),
(412, 7, 6, 9137),
(413, 7, 7, 2696),
(414, 8, 1, 3440),
(415, 8, 2, 904),
(416, 8, 3, 2288),
(417, 8, 4, 6717),
(418, 8, 5, 5671),
(419, 8, 6, 5562),
(420, 8, 7, 5381),
(421, 9, 1, 9343),
(422, 9, 2, 7945),
(423, 9, 3, 4592),
(424, 9, 4, 1678),
(425, 9, 5, 5176),
(426, 9, 6, 2727),
(427, 9, 7, 1448),
(428, 10, 1, 9846),
(429, 10, 2, 9898),
(430, 10, 3, 2653),
(431, 10, 4, 2672),
(432, 10, 5, 5500),
(433, 10, 6, 3774),
(434, 10, 7, 2780),
(435, 11, 1, 3082),
(436, 11, 2, 7396),
(437, 11, 3, 3025),
(438, 11, 4, 9484),
(439, 11, 5, 4908),
(440, 11, 6, 3114),
(441, 11, 7, 2880),
(442, 12, 1, 6270),
(443, 12, 2, 9422),
(444, 12, 3, 9492),
(445, 12, 4, 770),
(446, 12, 5, 3793),
(447, 12, 6, 3498),
(448, 12, 7, 9400),
(449, 13, 1, 3397),
(450, 13, 2, 3610),
(451, 13, 3, 4274),
(452, 13, 4, 6870),
(453, 13, 5, 8289),
(454, 13, 6, 1241),
(455, 13, 7, 1752),
(456, 14, 1, 5480),
(457, 14, 2, 8215),
(458, 14, 3, 5975),
(459, 14, 4, 3139),
(460, 14, 5, 7004),
(461, 14, 6, 1309),
(462, 14, 7, 6833),
(463, 15, 1, 4597),
(464, 15, 2, 5454),
(465, 15, 3, 6670),
(466, 15, 4, 5341),
(467, 15, 5, 7282),
(468, 15, 6, 2204),
(469, 15, 7, 5442),
(470, 16, 1, 9727),
(471, 16, 2, 9881),
(472, 16, 3, 8567),
(473, 16, 4, 2872),
(474, 16, 5, 8719),
(475, 16, 6, 5874),
(476, 16, 7, 4406),
(477, 17, 1, 4700),
(478, 17, 2, 6569),
(479, 17, 3, 9675),
(480, 17, 4, 7120),
(481, 17, 5, 2253),
(482, 17, 6, 5245),
(483, 17, 7, 910),
(484, 18, 1, 8868),
(485, 18, 2, 1815),
(486, 18, 3, 3506),
(487, 18, 4, 7938),
(488, 18, 5, 9352),
(489, 18, 6, 8141),
(490, 18, 7, 7021),
(491, 19, 1, 3512),
(492, 19, 2, 1487),
(493, 19, 3, 4520),
(494, 19, 4, 7731),
(495, 19, 5, 8725),
(496, 19, 6, 3992),
(497, 19, 7, 2814),
(498, 20, 1, 7373),
(499, 20, 2, 9902),
(500, 20, 3, 9698),
(501, 20, 4, 9877),
(502, 20, 5, 1329),
(503, 20, 6, 8384),
(504, 20, 7, 3279),
(505, 21, 1, 1770),
(506, 21, 2, 8208),
(507, 21, 3, 6936),
(508, 21, 4, 566),
(509, 21, 5, 3416),
(510, 21, 6, 9333),
(511, 21, 7, 2833),
(512, 22, 1, 6662),
(513, 22, 2, 5654),
(514, 22, 3, 2737),
(515, 22, 4, 9505),
(516, 22, 5, 3500),
(517, 22, 6, 3261),
(518, 22, 7, 8256),
(519, 23, 1, 6295),
(520, 23, 2, 3824),
(521, 23, 3, 6600),
(522, 23, 4, 9032),
(523, 23, 5, 5981),
(524, 23, 6, 1655),
(525, 23, 7, 6680),
(526, 24, 1, 4361),
(527, 24, 2, 7964),
(528, 24, 3, 7803),
(529, 24, 4, 5701),
(530, 24, 5, 2836),
(531, 24, 6, 7032),
(532, 24, 7, 7527),
(533, 26, 1, 1584),
(534, 26, 2, 6157),
(535, 26, 3, 6851),
(536, 26, 4, 9508),
(537, 26, 5, 1805),
(538, 26, 6, 620),
(539, 26, 7, 1702),
(554, 3, 1, 7239),
(555, 3, 2, 1531),
(556, 3, 3, 6655),
(557, 3, 4, 1798),
(558, 3, 5, 1800),
(559, 3, 6, 1743),
(560, 3, 7, 9707),
(561, 4, 1, 9438),
(562, 4, 2, 3286),
(563, 4, 3, 9976),
(564, 4, 4, 4958),
(565, 4, 5, 5509),
(566, 4, 6, 7750),
(567, 4, 7, 2163),
(568, 5, 1, 2468),
(569, 5, 2, 793),
(570, 5, 3, 9640),
(571, 5, 4, 1273),
(572, 5, 5, 7701),
(573, 5, 6, 9239),
(574, 5, 7, 1766),
(575, 6, 1, 679),
(576, 6, 2, 1219),
(577, 6, 3, 9420),
(578, 6, 4, 7617),
(579, 6, 5, 1927),
(580, 6, 6, 2964),
(581, 6, 7, 2994),
(582, 7, 1, 9931),
(583, 7, 2, 1981),
(584, 7, 3, 2643),
(585, 7, 4, 2999),
(586, 7, 5, 5230),
(587, 7, 6, 7862),
(588, 7, 7, 5533),
(589, 8, 1, 5137),
(590, 8, 2, 2883),
(591, 8, 3, 7320),
(592, 8, 4, 1927),
(593, 8, 5, 5384),
(594, 8, 6, 2327),
(595, 8, 7, 823),
(596, 9, 1, 503),
(597, 9, 2, 6053),
(598, 9, 3, 9540),
(599, 9, 4, 4497),
(600, 9, 5, 6569),
(601, 9, 6, 1197),
(602, 9, 7, 608),
(603, 10, 1, 4840),
(604, 10, 2, 5052),
(605, 10, 3, 7415),
(606, 10, 4, 2859),
(607, 10, 5, 5150),
(608, 10, 6, 3260),
(609, 10, 7, 9171),
(610, 11, 1, 9059),
(611, 11, 2, 8253),
(612, 11, 3, 9437),
(613, 11, 4, 2339),
(614, 11, 5, 2975),
(615, 11, 6, 6355),
(616, 11, 7, 2087),
(617, 12, 1, 6244),
(618, 12, 2, 5151),
(619, 12, 3, 1165),
(620, 12, 4, 2761),
(621, 12, 5, 3930),
(622, 12, 6, 3458),
(623, 12, 7, 3994),
(624, 13, 1, 7882),
(625, 13, 2, 2729),
(626, 13, 3, 8986),
(627, 13, 4, 4695),
(628, 13, 5, 7817),
(629, 13, 6, 9341),
(630, 13, 7, 5790),
(631, 14, 1, 1571),
(632, 14, 2, 8108),
(633, 14, 3, 5961),
(634, 14, 4, 2312),
(635, 14, 5, 3583),
(636, 14, 6, 4457),
(637, 14, 7, 6112),
(638, 15, 1, 8373),
(639, 15, 2, 4142),
(640, 15, 3, 9116),
(641, 15, 4, 6247),
(642, 15, 5, 1439),
(643, 15, 6, 1673),
(644, 15, 7, 7898),
(645, 16, 1, 2146),
(646, 16, 2, 4070),
(647, 16, 3, 5597),
(648, 16, 4, 627),
(649, 16, 5, 5363),
(650, 16, 6, 9542),
(651, 16, 7, 9757),
(652, 17, 1, 7402),
(653, 17, 2, 4751),
(654, 17, 3, 6596),
(655, 17, 4, 3350),
(656, 17, 5, 2360),
(657, 17, 6, 7538),
(658, 17, 7, 5308),
(659, 18, 1, 3572),
(660, 18, 2, 7775),
(661, 18, 3, 4075),
(662, 18, 4, 9599),
(663, 18, 5, 557),
(664, 18, 6, 1564),
(665, 18, 7, 6361),
(666, 19, 1, 1457),
(667, 19, 2, 6147),
(668, 19, 3, 6462),
(669, 19, 4, 5233),
(670, 19, 5, 9426),
(671, 19, 6, 8529),
(672, 19, 7, 2042),
(673, 20, 1, 8221),
(674, 20, 2, 3791),
(675, 20, 3, 6444),
(676, 20, 4, 9222),
(677, 20, 5, 1959),
(678, 20, 6, 3454),
(679, 20, 7, 4145),
(680, 21, 1, 8296),
(681, 21, 2, 3770),
(682, 21, 3, 1263),
(683, 21, 4, 6468),
(684, 21, 5, 5871),
(685, 21, 6, 8885),
(686, 21, 7, 5607),
(687, 22, 1, 8662),
(688, 22, 2, 3097),
(689, 22, 3, 1528),
(690, 22, 4, 2073),
(691, 22, 5, 5909),
(692, 22, 6, 3956),
(693, 22, 7, 2398),
(694, 23, 1, 2567),
(695, 23, 2, 6259),
(696, 23, 3, 898),
(697, 23, 4, 1721),
(698, 23, 5, 4974),
(699, 23, 6, 5148),
(700, 23, 7, 2157),
(701, 24, 1, 4781),
(702, 24, 2, 1028),
(703, 24, 3, 3374),
(704, 24, 4, 3817),
(705, 24, 5, 4388),
(706, 24, 6, 1117),
(707, 24, 7, 6334),
(708, 26, 1, 8970),
(709, 26, 2, 6408),
(710, 26, 3, 1378),
(711, 26, 4, 3802),
(712, 26, 5, 504),
(713, 26, 6, 5424),
(714, 26, 7, 6696),
(715, 1, 1, 4076),
(716, 1, 2, 8164),
(717, 1, 3, 7722),
(718, 1, 4, 5769),
(719, 1, 5, 6332),
(720, 1, 6, 8403),
(721, 1, 7, 1886),
(722, 2, 1, 2315),
(723, 2, 2, 7734),
(724, 2, 3, 2162),
(725, 2, 4, 4576),
(726, 2, 5, 9672),
(727, 2, 6, 2835),
(728, 2, 7, 3236),
(729, 3, 1, 9901),
(730, 3, 2, 8315),
(731, 3, 3, 8147),
(732, 3, 4, 726),
(733, 3, 5, 2480),
(734, 3, 6, 9692),
(735, 3, 7, 6411),
(736, 4, 1, 9016),
(737, 4, 2, 845),
(738, 4, 3, 7646),
(739, 4, 4, 8065),
(740, 4, 5, 4745),
(741, 4, 6, 7589),
(742, 4, 7, 629),
(743, 5, 1, 1592),
(744, 5, 2, 3532),
(745, 5, 3, 4008),
(746, 5, 4, 5591),
(747, 5, 5, 2655),
(748, 5, 6, 514),
(749, 5, 7, 1031),
(750, 6, 1, 6565),
(751, 6, 2, 7333),
(752, 6, 3, 3547),
(753, 6, 4, 8715),
(754, 6, 5, 964),
(755, 6, 6, 8646),
(756, 6, 7, 6947),
(757, 7, 1, 9969),
(758, 7, 2, 2147),
(759, 7, 3, 8772),
(760, 7, 4, 9735),
(761, 7, 5, 7940),
(762, 7, 6, 6951),
(763, 7, 7, 4912),
(764, 8, 1, 3035),
(765, 8, 2, 4713),
(766, 8, 3, 608),
(767, 8, 4, 1020),
(768, 8, 5, 4092),
(769, 8, 6, 8048),
(770, 8, 7, 1527),
(771, 9, 1, 2861),
(772, 9, 2, 2467),
(773, 9, 3, 9359),
(774, 9, 4, 1493),
(775, 9, 5, 5418),
(776, 9, 6, 7168),
(777, 9, 7, 9734),
(778, 10, 1, 7616),
(779, 10, 2, 8859),
(780, 10, 3, 8590),
(781, 10, 4, 8525),
(782, 10, 5, 1355),
(783, 10, 6, 7683),
(784, 10, 7, 6530),
(785, 11, 1, 7012),
(786, 11, 2, 3009),
(787, 11, 3, 9036),
(788, 11, 4, 9537),
(789, 11, 5, 5278),
(790, 11, 6, 770),
(791, 11, 7, 4546),
(792, 12, 1, 1887),
(793, 12, 2, 972),
(794, 12, 3, 8484),
(795, 12, 4, 7408),
(796, 12, 5, 4644),
(797, 12, 6, 3072),
(798, 12, 7, 8369),
(799, 13, 1, 9688),
(800, 13, 2, 6963),
(801, 13, 3, 6345),
(802, 13, 4, 7658),
(803, 13, 5, 3433),
(804, 13, 6, 9447),
(805, 13, 7, 4524),
(806, 14, 1, 5528),
(807, 14, 2, 8614),
(808, 14, 3, 9696),
(809, 14, 4, 994),
(810, 14, 5, 6498),
(811, 14, 6, 5169),
(812, 14, 7, 3962),
(813, 15, 1, 2323),
(814, 15, 2, 3825),
(815, 15, 3, 9543),
(816, 15, 4, 1086),
(817, 15, 5, 7157),
(818, 15, 6, 803),
(819, 15, 7, 2012),
(820, 16, 1, 8085),
(821, 16, 2, 9664),
(822, 16, 3, 8740),
(823, 16, 4, 8249),
(824, 16, 5, 879),
(825, 16, 6, 2966),
(826, 16, 7, 797),
(827, 17, 1, 1188),
(828, 17, 2, 2270),
(829, 17, 3, 8997),
(830, 17, 4, 3206),
(831, 17, 5, 706),
(832, 17, 6, 1802),
(833, 17, 7, 8425),
(834, 18, 1, 811),
(835, 18, 2, 6862),
(836, 18, 3, 7795),
(837, 18, 4, 3458),
(838, 18, 5, 970),
(839, 18, 6, 1338),
(840, 18, 7, 5349),
(841, 19, 1, 3719),
(842, 19, 2, 9366),
(843, 19, 3, 1967),
(844, 19, 4, 2321),
(845, 19, 5, 4071),
(846, 19, 6, 6042),
(847, 19, 7, 6712),
(848, 20, 1, 7164),
(849, 20, 2, 8962),
(850, 20, 3, 6988),
(851, 20, 4, 3545),
(852, 20, 5, 6850),
(853, 20, 6, 977),
(854, 20, 7, 2843),
(855, 21, 1, 1059),
(856, 21, 2, 9686),
(857, 21, 3, 6469),
(858, 21, 4, 8110),
(859, 21, 5, 5312),
(860, 21, 6, 8419),
(861, 21, 7, 6915),
(862, 22, 1, 6977),
(863, 22, 2, 575),
(864, 22, 3, 6987),
(865, 22, 4, 2397),
(866, 22, 5, 5115),
(867, 22, 6, 3486),
(868, 22, 7, 7518),
(869, 23, 1, 5990),
(870, 23, 2, 2072),
(871, 23, 3, 4244),
(872, 23, 4, 8065),
(873, 23, 5, 537),
(874, 23, 6, 7505),
(875, 23, 7, 2958),
(876, 24, 1, 6995),
(877, 24, 2, 8973),
(878, 24, 3, 5622),
(879, 24, 4, 7762),
(880, 24, 5, 6594),
(881, 24, 6, 2271),
(882, 24, 7, 7528),
(883, 26, 1, 9117),
(884, 26, 2, 3409),
(885, 26, 3, 4711),
(886, 26, 4, 1981),
(887, 26, 5, 3265),
(888, 26, 6, 8556),
(889, 26, 7, 1003),
(890, 1, 1, 6619),
(891, 1, 2, 2489),
(892, 1, 3, 5128),
(893, 1, 4, 8546),
(894, 1, 5, 9586),
(895, 1, 6, 562),
(896, 1, 7, 4138),
(897, 2, 1, 2110),
(898, 2, 2, 8499),
(899, 2, 3, 3193),
(900, 2, 4, 1131),
(901, 2, 5, 8698),
(902, 2, 6, 5567),
(903, 2, 7, 5916),
(904, 3, 1, 6044),
(905, 3, 2, 3171),
(906, 3, 3, 4789),
(907, 3, 4, 2801),
(908, 3, 5, 2239),
(909, 3, 6, 1480),
(910, 3, 7, 1102),
(911, 4, 1, 8175),
(912, 4, 2, 9857),
(913, 4, 3, 1657),
(914, 4, 4, 1781),
(915, 4, 5, 7491),
(916, 4, 6, 7641),
(917, 4, 7, 7034),
(918, 5, 1, 7507),
(919, 5, 2, 5250),
(920, 5, 3, 4273),
(921, 5, 4, 2574),
(922, 5, 5, 2547),
(923, 5, 6, 767),
(924, 5, 7, 9805),
(925, 6, 1, 1424),
(926, 6, 2, 7133),
(927, 6, 3, 8381),
(928, 6, 4, 3750),
(929, 6, 5, 3635),
(930, 6, 6, 8392),
(931, 6, 7, 5258),
(932, 7, 1, 8098),
(933, 7, 2, 1996),
(934, 7, 3, 9915),
(935, 7, 4, 9017),
(936, 7, 5, 1589),
(937, 7, 6, 9290),
(938, 7, 7, 2730),
(939, 8, 1, 4681),
(940, 8, 2, 5606),
(941, 8, 3, 8513),
(942, 8, 4, 7298),
(943, 8, 5, 8479),
(944, 8, 6, 9002),
(945, 8, 7, 7132),
(946, 9, 1, 9360),
(947, 9, 2, 7820),
(948, 9, 3, 5542),
(949, 9, 4, 5486),
(950, 9, 5, 5641),
(951, 9, 6, 8324),
(952, 9, 7, 3911),
(953, 10, 1, 3020),
(954, 10, 2, 6939),
(955, 10, 3, 3360),
(956, 10, 4, 4573),
(957, 10, 5, 4207),
(958, 10, 6, 8575),
(959, 10, 7, 2222),
(960, 11, 1, 4585),
(961, 11, 2, 4366),
(962, 11, 3, 5928),
(963, 11, 4, 9441),
(964, 11, 5, 3659),
(965, 11, 6, 6295),
(966, 11, 7, 8140),
(967, 12, 1, 3894),
(968, 12, 2, 2055),
(969, 12, 3, 7307),
(970, 12, 4, 6729),
(971, 12, 5, 8247),
(972, 12, 6, 4520),
(973, 12, 7, 4943),
(974, 13, 1, 2397),
(975, 13, 2, 3215),
(976, 13, 3, 3301),
(977, 13, 4, 4968),
(978, 13, 5, 7363),
(979, 13, 6, 5806),
(980, 13, 7, 4843),
(981, 14, 1, 7284),
(982, 14, 2, 6876),
(983, 14, 3, 6062),
(984, 14, 4, 2648),
(985, 14, 5, 8873),
(986, 14, 6, 3368),
(987, 14, 7, 3308),
(988, 15, 1, 1371),
(989, 15, 2, 7665),
(990, 15, 3, 1698),
(991, 15, 4, 5142),
(992, 15, 5, 5296),
(993, 15, 6, 3900),
(994, 15, 7, 4760),
(995, 16, 1, 4962),
(996, 16, 2, 6221),
(997, 16, 3, 9243),
(998, 16, 4, 7306),
(999, 16, 5, 6539),
(1000, 16, 6, 6051),
(1001, 16, 7, 5384),
(1002, 17, 1, 3896),
(1003, 17, 2, 7188),
(1004, 17, 3, 9165),
(1005, 17, 4, 7637),
(1006, 17, 5, 2751),
(1007, 17, 6, 5925),
(1008, 17, 7, 4538),
(1009, 18, 1, 3211),
(1010, 18, 2, 8014),
(1011, 18, 3, 3292),
(1012, 18, 4, 9388),
(1013, 18, 5, 5246),
(1014, 18, 6, 5622),
(1015, 18, 7, 7524),
(1016, 19, 1, 6009),
(1017, 19, 2, 1180),
(1018, 19, 3, 5480),
(1019, 19, 4, 2395),
(1020, 19, 5, 6159),
(1021, 19, 6, 9004),
(1022, 19, 7, 4033),
(1023, 20, 1, 8847),
(1024, 20, 2, 857),
(1025, 20, 3, 640),
(1026, 20, 4, 1622),
(1027, 20, 5, 8229),
(1028, 20, 6, 2115),
(1029, 20, 7, 2417),
(1030, 21, 1, 6132),
(1031, 21, 2, 2291),
(1032, 21, 3, 6208),
(1033, 21, 4, 1194),
(1034, 21, 5, 1865),
(1035, 21, 6, 2345),
(1036, 21, 7, 2897),
(1037, 22, 1, 3923),
(1038, 22, 2, 6989),
(1039, 22, 3, 2760),
(1040, 22, 4, 3552),
(1041, 22, 5, 807),
(1042, 22, 6, 9253),
(1043, 22, 7, 2566),
(1044, 23, 1, 8366),
(1045, 23, 2, 4878),
(1046, 23, 3, 8499),
(1047, 23, 4, 1735),
(1048, 23, 5, 550),
(1049, 23, 6, 8080),
(1050, 23, 7, 3229),
(1051, 24, 1, 2746),
(1052, 24, 2, 8273),
(1053, 24, 3, 4459),
(1054, 24, 4, 781),
(1055, 24, 5, 4147),
(1056, 24, 6, 3936),
(1057, 24, 7, 5069),
(1058, 26, 1, 3444),
(1059, 26, 2, 7973),
(1060, 26, 3, 9759),
(1061, 26, 4, 2007),
(1062, 26, 5, 726),
(1063, 26, 6, 7559),
(1064, 26, 7, 2969),
(1065, 1, 1, 5747),
(1066, 1, 2, 5928),
(1067, 1, 3, 7164),
(1068, 1, 4, 2403),
(1069, 1, 5, 8106),
(1070, 1, 6, 8277),
(1071, 1, 7, 4661),
(1072, 2, 1, 2024),
(1073, 2, 2, 3743),
(1074, 2, 3, 6934),
(1075, 2, 4, 7412),
(1076, 2, 5, 814),
(1077, 2, 6, 3296),
(1078, 2, 7, 2733),
(1079, 3, 1, 1910),
(1080, 3, 2, 1446),
(1081, 3, 3, 1984),
(1082, 3, 4, 3015),
(1083, 3, 5, 5951),
(1084, 3, 6, 5180),
(1085, 3, 7, 6619),
(1086, 4, 1, 7634),
(1087, 4, 2, 8804),
(1088, 4, 3, 1084),
(1089, 4, 4, 3699),
(1090, 4, 5, 6541),
(1091, 4, 6, 1207),
(1092, 4, 7, 4891),
(1093, 5, 1, 570),
(1094, 5, 2, 1067),
(1095, 5, 3, 7054),
(1096, 5, 4, 4659),
(1097, 5, 5, 9665),
(1098, 5, 6, 3378),
(1099, 5, 7, 8034),
(1100, 6, 1, 6418),
(1101, 6, 2, 9475),
(1102, 6, 3, 2676),
(1103, 6, 4, 2251),
(1104, 6, 5, 3758),
(1105, 6, 6, 1968),
(1106, 6, 7, 6076),
(1107, 7, 1, 8248),
(1108, 7, 2, 6284),
(1109, 7, 3, 7685),
(1110, 7, 4, 8151),
(1111, 7, 5, 5188),
(1112, 7, 6, 9061),
(1113, 7, 7, 8719),
(1114, 8, 1, 4089),
(1115, 8, 2, 6181),
(1116, 8, 3, 7957),
(1117, 8, 4, 5911),
(1118, 8, 5, 1314),
(1119, 8, 6, 9026),
(1120, 8, 7, 6889),
(1121, 9, 1, 3971),
(1122, 9, 2, 8365),
(1123, 9, 3, 5427),
(1124, 9, 4, 9363),
(1125, 9, 5, 8667),
(1126, 9, 6, 4956),
(1127, 9, 7, 6216),
(1128, 10, 1, 4537),
(1129, 10, 2, 2639),
(1130, 10, 3, 916),
(1131, 10, 4, 1613),
(1132, 10, 5, 5011),
(1133, 10, 6, 7245),
(1134, 10, 7, 4867),
(1135, 11, 1, 5462),
(1136, 11, 2, 4437),
(1137, 11, 3, 2238),
(1138, 11, 4, 560),
(1139, 11, 5, 5630),
(1140, 11, 6, 8775),
(1141, 11, 7, 6203),
(1142, 12, 1, 3704),
(1143, 12, 2, 7512),
(1144, 12, 3, 4953),
(1145, 12, 4, 9320),
(1146, 12, 5, 5657),
(1147, 12, 6, 3277),
(1148, 12, 7, 8385),
(1149, 13, 1, 4198),
(1150, 13, 2, 5004),
(1151, 13, 3, 6009),
(1152, 13, 4, 3576),
(1153, 13, 5, 3418),
(1154, 13, 6, 6467),
(1155, 13, 7, 1117),
(1156, 14, 1, 9537),
(1157, 14, 2, 4013),
(1158, 14, 3, 1047),
(1159, 14, 4, 8549),
(1160, 14, 5, 842),
(1161, 14, 6, 3160),
(1162, 14, 7, 2806),
(1163, 15, 1, 3455),
(1164, 15, 2, 5855),
(1165, 15, 3, 8621),
(1166, 15, 4, 8263),
(1167, 15, 5, 7695),
(1168, 15, 6, 2538),
(1169, 15, 7, 3898),
(1170, 16, 1, 1210),
(1171, 16, 2, 3863),
(1172, 16, 3, 2731),
(1173, 16, 4, 3428),
(1174, 16, 5, 7049),
(1175, 16, 6, 3120),
(1176, 16, 7, 4424),
(1177, 17, 1, 3857),
(1178, 17, 2, 6573),
(1179, 17, 3, 9263),
(1180, 17, 4, 1502),
(1181, 17, 5, 5724),
(1182, 17, 6, 1163),
(1183, 17, 7, 9836),
(1184, 18, 1, 3157),
(1185, 18, 2, 9682),
(1186, 18, 3, 3838),
(1187, 18, 4, 2531),
(1188, 18, 5, 1492),
(1189, 18, 6, 5490),
(1190, 18, 7, 9797),
(1191, 19, 1, 4916),
(1192, 19, 2, 3242),
(1193, 19, 3, 6932),
(1194, 19, 4, 3543),
(1195, 19, 5, 2700),
(1196, 19, 6, 1829),
(1197, 19, 7, 4809),
(1198, 20, 1, 3730),
(1199, 20, 2, 3641),
(1200, 20, 3, 5025),
(1201, 20, 4, 7744),
(1202, 20, 5, 2483),
(1203, 20, 6, 4038),
(1204, 20, 7, 5036),
(1205, 21, 1, 3725),
(1206, 21, 2, 2642),
(1207, 21, 3, 9802),
(1208, 21, 4, 9438),
(1209, 21, 5, 8866),
(1210, 21, 6, 7140),
(1211, 21, 7, 8708),
(1212, 22, 1, 6252),
(1213, 22, 2, 6767),
(1214, 22, 3, 4254),
(1215, 22, 4, 4855),
(1216, 22, 5, 3833),
(1217, 22, 6, 8076),
(1218, 22, 7, 7134),
(1219, 23, 1, 796),
(1220, 23, 2, 1928),
(1221, 23, 3, 1667),
(1222, 23, 4, 1082),
(1223, 23, 5, 4156),
(1224, 23, 6, 7784),
(1225, 23, 7, 3893),
(1226, 24, 1, 9337),
(1227, 24, 2, 1084),
(1228, 24, 3, 4439),
(1229, 24, 4, 2054),
(1230, 24, 5, 5430),
(1231, 24, 6, 1390),
(1232, 24, 7, 2808),
(1233, 26, 1, 5777),
(1234, 26, 2, 7498),
(1235, 26, 3, 2630),
(1236, 26, 4, 6026),
(1237, 26, 5, 2071),
(1238, 26, 6, 1577),
(1239, 26, 7, 3258),
(1240, 1, 1, 7443),
(1241, 1, 2, 5262),
(1242, 1, 3, 5722),
(1243, 1, 4, 1162),
(1244, 1, 5, 6856),
(1245, 1, 6, 5578),
(1246, 1, 7, 5591),
(1247, 2, 1, 9622),
(1248, 2, 2, 6243),
(1249, 2, 3, 8514),
(1250, 2, 4, 7645),
(1251, 2, 5, 6825),
(1252, 2, 6, 1472),
(1253, 2, 7, 3201),
(1254, 3, 1, 4465),
(1255, 3, 2, 9768),
(1256, 3, 3, 1700),
(1257, 3, 4, 7201),
(1258, 3, 5, 3783),
(1259, 3, 6, 5501),
(1260, 3, 7, 3934),
(1261, 4, 1, 2221),
(1262, 4, 2, 6426),
(1263, 4, 3, 3267),
(1264, 4, 4, 2910),
(1265, 4, 5, 5970),
(1266, 4, 6, 2978),
(1267, 4, 7, 7872),
(1268, 5, 1, 6109),
(1269, 5, 2, 2437),
(1270, 5, 3, 7996),
(1271, 5, 4, 916),
(1272, 5, 5, 2194),
(1273, 5, 6, 7460),
(1274, 5, 7, 5524),
(1275, 6, 1, 7810),
(1276, 6, 2, 6539),
(1277, 6, 3, 5177),
(1278, 6, 4, 7559),
(1279, 6, 5, 659),
(1280, 6, 6, 7878),
(1281, 6, 7, 3087),
(1282, 7, 1, 1069),
(1283, 7, 2, 7150),
(1284, 7, 3, 1822),
(1285, 7, 4, 3886),
(1286, 7, 5, 8383),
(1287, 7, 6, 1594),
(1288, 7, 7, 8266),
(1289, 8, 1, 4704),
(1290, 8, 2, 7660),
(1291, 8, 3, 8122),
(1292, 8, 4, 9470),
(1293, 8, 5, 6648),
(1294, 8, 6, 1637),
(1295, 8, 7, 2691),
(1296, 9, 1, 6191),
(1297, 9, 2, 9786),
(1298, 9, 3, 9964),
(1299, 9, 4, 6183),
(1300, 9, 5, 9465),
(1301, 9, 6, 9903),
(1302, 9, 7, 5016),
(1303, 10, 1, 6820),
(1304, 10, 2, 3501),
(1305, 10, 3, 6823),
(1306, 10, 4, 9999),
(1307, 10, 5, 1485),
(1308, 10, 6, 8173),
(1309, 10, 7, 9149),
(1310, 11, 1, 3351),
(1311, 11, 2, 1088),
(1312, 11, 3, 9608),
(1313, 11, 4, 6335),
(1314, 11, 5, 3037),
(1315, 11, 6, 6885),
(1316, 11, 7, 6959),
(1317, 12, 1, 1335),
(1318, 12, 2, 722),
(1319, 12, 3, 7145),
(1320, 12, 4, 3555),
(1321, 12, 5, 4339),
(1322, 12, 6, 7620),
(1323, 12, 7, 8311),
(1324, 13, 1, 5925),
(1325, 13, 2, 4545),
(1326, 13, 3, 1603),
(1327, 13, 4, 3416),
(1328, 13, 5, 5370),
(1329, 13, 6, 5113),
(1330, 13, 7, 9740),
(1331, 14, 1, 5448),
(1332, 14, 2, 9260),
(1333, 14, 3, 6379),
(1334, 14, 4, 9355),
(1335, 14, 5, 8111),
(1336, 14, 6, 4483),
(1337, 14, 7, 7100),
(1338, 15, 1, 5750),
(1339, 15, 2, 1324),
(1340, 15, 3, 1374),
(1341, 15, 4, 8910),
(1342, 15, 5, 9655),
(1343, 15, 6, 2083),
(1344, 15, 7, 3997),
(1345, 16, 1, 4144),
(1346, 16, 2, 630),
(1347, 16, 3, 6530),
(1348, 16, 4, 2409),
(1349, 16, 5, 3288),
(1350, 16, 6, 1181),
(1351, 16, 7, 6898),
(1352, 17, 1, 9945),
(1353, 17, 2, 7041),
(1354, 17, 3, 5036),
(1355, 17, 4, 5524),
(1356, 17, 5, 7331),
(1357, 17, 6, 9298),
(1358, 17, 7, 3394),
(1359, 18, 1, 2255),
(1360, 18, 2, 3553),
(1361, 18, 3, 6071),
(1362, 18, 4, 3762),
(1363, 18, 5, 2704),
(1364, 18, 6, 8260),
(1365, 18, 7, 594),
(1366, 19, 1, 1472),
(1367, 19, 2, 5849),
(1368, 19, 3, 8996),
(1369, 19, 4, 868),
(1370, 19, 5, 8190),
(1371, 19, 6, 862),
(1372, 19, 7, 873),
(1373, 20, 1, 4511),
(1374, 20, 2, 3867),
(1375, 20, 3, 6696),
(1376, 20, 4, 6015),
(1377, 20, 5, 3039),
(1378, 20, 6, 1479),
(1379, 20, 7, 6831),
(1380, 21, 1, 5439),
(1381, 21, 2, 8114),
(1382, 21, 3, 4553),
(1383, 21, 4, 8096),
(1384, 21, 5, 7821),
(1385, 21, 6, 5400),
(1386, 21, 7, 2781),
(1387, 22, 1, 4828),
(1388, 22, 2, 605),
(1389, 22, 3, 7978),
(1390, 22, 4, 8660),
(1391, 22, 5, 4635),
(1392, 22, 6, 5761),
(1393, 22, 7, 7573),
(1394, 23, 1, 9623),
(1395, 23, 2, 5416),
(1396, 23, 3, 8198),
(1397, 23, 4, 9805),
(1398, 23, 5, 1226),
(1399, 23, 6, 5790),
(1400, 23, 7, 4417),
(1401, 24, 1, 5155),
(1402, 24, 2, 657),
(1403, 24, 3, 4789),
(1404, 24, 4, 9529),
(1405, 24, 5, 3355),
(1406, 24, 6, 967),
(1407, 24, 7, 2259),
(1408, 26, 1, 8114),
(1409, 26, 2, 7860),
(1410, 26, 3, 7230),
(1411, 26, 4, 1599),
(1412, 26, 5, 9150),
(1413, 26, 6, 7121),
(1414, 26, 7, 9420),
(1415, 1, 1, 1663),
(1416, 1, 2, 5470),
(1417, 1, 3, 6215),
(1418, 1, 4, 5459),
(1419, 1, 5, 7394),
(1420, 1, 6, 628),
(1421, 1, 7, 7236),
(1422, 2, 1, 2862),
(1423, 2, 2, 8986),
(1424, 2, 3, 8111),
(1425, 2, 4, 4577),
(1426, 2, 5, 1950),
(1427, 2, 6, 580),
(1428, 2, 7, 5762),
(1429, 3, 1, 3879),
(1430, 3, 2, 3085),
(1431, 3, 3, 8546),
(1432, 3, 4, 8094),
(1433, 3, 5, 3126),
(1434, 3, 6, 909),
(1435, 3, 7, 8857),
(1436, 4, 1, 3356),
(1437, 4, 2, 4796),
(1438, 4, 3, 5408),
(1439, 4, 4, 5226),
(1440, 4, 5, 5075),
(1441, 4, 6, 7313),
(1442, 4, 7, 3033),
(1443, 5, 1, 5496),
(1444, 5, 2, 4853),
(1445, 5, 3, 5524),
(1446, 5, 4, 3067),
(1447, 5, 5, 8153),
(1448, 5, 6, 9716),
(1449, 5, 7, 7444),
(1450, 6, 1, 6846),
(1451, 6, 2, 5609),
(1452, 6, 3, 1236),
(1453, 6, 4, 6662),
(1454, 6, 5, 1520),
(1455, 6, 6, 594),
(1456, 6, 7, 4246),
(1457, 7, 1, 4698),
(1458, 7, 2, 1445),
(1459, 7, 3, 9199),
(1460, 7, 4, 573),
(1461, 7, 5, 2695),
(1462, 7, 6, 2723),
(1463, 7, 7, 2347),
(1464, 8, 1, 7294),
(1465, 8, 2, 8260),
(1466, 8, 3, 2852),
(1467, 8, 4, 1396),
(1468, 8, 5, 3280),
(1469, 8, 6, 3845),
(1470, 8, 7, 3180),
(1471, 9, 1, 2039),
(1472, 9, 2, 9409),
(1473, 9, 3, 8245),
(1474, 9, 4, 9501),
(1475, 9, 5, 1574),
(1476, 9, 6, 5238),
(1477, 9, 7, 7669),
(1478, 10, 1, 8390),
(1479, 10, 2, 8799),
(1480, 10, 3, 1583),
(1481, 10, 4, 3241),
(1482, 10, 5, 3302),
(1483, 10, 6, 8520),
(1484, 10, 7, 6082),
(1485, 11, 1, 4462),
(1486, 11, 2, 6172),
(1487, 11, 3, 3988),
(1488, 11, 4, 9091),
(1489, 11, 5, 8112),
(1490, 11, 6, 6602),
(1491, 11, 7, 2738),
(1492, 12, 1, 1554),
(1493, 12, 2, 8897),
(1494, 12, 3, 6389),
(1495, 12, 4, 4750),
(1496, 12, 5, 1240),
(1497, 12, 6, 1126),
(1498, 12, 7, 7954),
(1499, 13, 1, 2748),
(1500, 13, 2, 8482),
(1501, 13, 3, 1214),
(1502, 13, 4, 2968),
(1503, 13, 5, 3211),
(1504, 13, 6, 7224),
(1505, 13, 7, 9721),
(1506, 14, 1, 2440),
(1507, 14, 2, 7970),
(1508, 14, 3, 9219),
(1509, 14, 4, 9360),
(1510, 14, 5, 3897),
(1511, 14, 6, 926),
(1512, 14, 7, 3476),
(1513, 15, 1, 7575),
(1514, 15, 2, 1223),
(1515, 15, 3, 3116),
(1516, 15, 4, 7635),
(1517, 15, 5, 8612),
(1518, 15, 6, 8153),
(1519, 15, 7, 8660),
(1520, 16, 1, 6670),
(1521, 16, 2, 1010),
(1522, 16, 3, 4543),
(1523, 16, 4, 6551),
(1524, 16, 5, 8876),
(1525, 16, 6, 7699),
(1526, 16, 7, 1551),
(1527, 17, 1, 7350),
(1528, 17, 2, 6776),
(1529, 17, 3, 788),
(1530, 17, 4, 8291),
(1531, 17, 5, 3607),
(1532, 17, 6, 4070),
(1533, 17, 7, 8616),
(1534, 18, 1, 5389),
(1535, 18, 2, 2178),
(1536, 18, 3, 694),
(1537, 18, 4, 7801),
(1538, 18, 5, 4767),
(1539, 18, 6, 3194),
(1540, 18, 7, 8998),
(1541, 19, 1, 8720),
(1542, 19, 2, 7166),
(1543, 19, 3, 7742),
(1544, 19, 4, 7343),
(1545, 19, 5, 9763),
(1546, 19, 6, 6846),
(1547, 19, 7, 9120),
(1548, 20, 1, 5528),
(1549, 20, 2, 1167),
(1550, 20, 3, 6081),
(1551, 20, 4, 1617),
(1552, 20, 5, 4658),
(1553, 20, 6, 9315),
(1554, 20, 7, 7979),
(1555, 21, 1, 3261),
(1556, 21, 2, 4173),
(1557, 21, 3, 1289),
(1558, 21, 4, 9626),
(1559, 21, 5, 5906),
(1560, 21, 6, 3148),
(1561, 21, 7, 6651),
(1562, 22, 1, 8806),
(1563, 22, 2, 2824),
(1564, 22, 3, 7261),
(1565, 22, 4, 805),
(1566, 22, 5, 7940),
(1567, 22, 6, 9612),
(1568, 22, 7, 7808),
(1569, 23, 1, 7628),
(1570, 23, 2, 1941),
(1571, 23, 3, 1768),
(1572, 23, 4, 9739),
(1573, 23, 5, 7840),
(1574, 23, 6, 5837),
(1575, 23, 7, 5345),
(1576, 24, 1, 6307),
(1577, 24, 2, 3020),
(1578, 24, 3, 4660),
(1579, 24, 4, 2985),
(1580, 24, 5, 6660),
(1581, 24, 6, 8288),
(1582, 24, 7, 1962),
(1583, 26, 1, 1573),
(1584, 26, 2, 9455),
(1585, 26, 3, 3214),
(1586, 26, 4, 6957),
(1587, 26, 5, 8049),
(1588, 26, 6, 8660),
(1589, 26, 7, 2605),
(1590, 1, 1, 9229),
(1591, 1, 2, 7551),
(1592, 1, 3, 1405),
(1593, 1, 4, 2410),
(1594, 1, 5, 6612),
(1595, 1, 6, 9087),
(1596, 1, 7, 2904),
(1597, 2, 1, 2512),
(1598, 2, 2, 7458),
(1599, 2, 3, 9660),
(1600, 2, 4, 9823),
(1601, 2, 5, 9884),
(1602, 2, 6, 5597),
(1603, 2, 7, 6481),
(1604, 3, 1, 875),
(1605, 3, 2, 7529),
(1606, 3, 3, 907),
(1607, 3, 4, 6289),
(1608, 3, 5, 4024),
(1609, 3, 6, 6147),
(1610, 3, 7, 7560),
(1611, 4, 1, 9566),
(1612, 4, 2, 4761),
(1613, 4, 3, 4326),
(1614, 4, 4, 6073),
(1615, 4, 5, 4371),
(1616, 4, 6, 1222),
(1617, 4, 7, 6087),
(1618, 5, 1, 9141),
(1619, 5, 2, 7354),
(1620, 5, 3, 9856),
(1621, 5, 4, 6315),
(1622, 5, 5, 6132),
(1623, 5, 6, 6233),
(1624, 5, 7, 8506),
(1625, 6, 1, 5650),
(1626, 6, 2, 2321),
(1627, 6, 3, 929),
(1628, 6, 4, 1468),
(1629, 6, 5, 7835),
(1630, 6, 6, 6811),
(1631, 6, 7, 3961),
(1632, 7, 1, 9034),
(1633, 7, 2, 903),
(1634, 7, 3, 4697),
(1635, 7, 4, 3717),
(1636, 7, 5, 1399),
(1637, 7, 6, 2164),
(1638, 7, 7, 4029),
(1639, 8, 1, 6169),
(1640, 8, 2, 6683),
(1641, 8, 3, 8985),
(1642, 8, 4, 1488),
(1643, 8, 5, 8277),
(1644, 8, 6, 2816),
(1645, 8, 7, 2191),
(1646, 9, 1, 9130),
(1647, 9, 2, 7422),
(1648, 9, 3, 5241),
(1649, 9, 4, 3002),
(1650, 9, 5, 5081),
(1651, 9, 6, 7441),
(1652, 9, 7, 3939),
(1653, 10, 1, 1225),
(1654, 10, 2, 8337),
(1655, 10, 3, 4551),
(1656, 10, 4, 4787),
(1657, 10, 5, 7994),
(1658, 10, 6, 8679),
(1659, 10, 7, 7540),
(1660, 11, 1, 9219),
(1661, 11, 2, 5194),
(1662, 11, 3, 9827),
(1663, 11, 4, 2326),
(1664, 11, 5, 4218),
(1665, 11, 6, 5010),
(1666, 11, 7, 7276),
(1667, 12, 1, 3665),
(1668, 12, 2, 1192),
(1669, 12, 3, 3919),
(1670, 12, 4, 5220),
(1671, 12, 5, 1399),
(1672, 12, 6, 616),
(1673, 12, 7, 5786),
(1674, 13, 1, 964),
(1675, 13, 2, 9971),
(1676, 13, 3, 6359),
(1677, 13, 4, 9138),
(1678, 13, 5, 4895),
(1679, 13, 6, 1619),
(1680, 13, 7, 4771),
(1681, 14, 1, 8593),
(1682, 14, 2, 3841),
(1683, 14, 3, 4450),
(1684, 14, 4, 5263),
(1685, 14, 5, 9863),
(1686, 14, 6, 4103),
(1687, 14, 7, 9239),
(1688, 15, 1, 7222),
(1689, 15, 2, 2326),
(1690, 15, 3, 3404),
(1691, 15, 4, 7454),
(1692, 15, 5, 3163),
(1693, 15, 6, 576),
(1694, 15, 7, 7762),
(1695, 16, 1, 3417),
(1696, 16, 2, 2402),
(1697, 16, 3, 3585),
(1698, 16, 4, 6207),
(1699, 16, 5, 9560),
(1700, 16, 6, 5070),
(1701, 16, 7, 8869),
(1702, 17, 1, 8084),
(1703, 17, 2, 7975),
(1704, 17, 3, 7953),
(1705, 17, 4, 5023),
(1706, 17, 5, 2466),
(1707, 17, 6, 7856),
(1708, 17, 7, 1902),
(1709, 18, 1, 6338),
(1710, 18, 2, 8275),
(1711, 18, 3, 4458),
(1712, 18, 4, 3456),
(1713, 18, 5, 1987),
(1714, 18, 6, 4654),
(1715, 18, 7, 6302),
(1716, 19, 1, 8931),
(1717, 19, 2, 2265),
(1718, 19, 3, 4238),
(1719, 19, 4, 7100),
(1720, 19, 5, 9210),
(1721, 19, 6, 8383),
(1722, 19, 7, 6419),
(1723, 20, 1, 1810),
(1724, 20, 2, 8196),
(1725, 20, 3, 9384),
(1726, 20, 4, 7037),
(1727, 20, 5, 2137),
(1728, 20, 6, 9153),
(1729, 20, 7, 6428),
(1730, 21, 1, 8999),
(1731, 21, 2, 7289),
(1732, 21, 3, 627),
(1733, 21, 4, 7242),
(1734, 21, 5, 6643),
(1735, 21, 6, 3621),
(1736, 21, 7, 9272),
(1737, 22, 1, 3024),
(1738, 22, 2, 2949),
(1739, 22, 3, 3354),
(1740, 22, 4, 1020),
(1741, 22, 5, 3722),
(1742, 22, 6, 8199),
(1743, 22, 7, 1726),
(1744, 23, 1, 2186),
(1745, 23, 2, 3937),
(1746, 23, 3, 4543),
(1747, 23, 4, 9912),
(1748, 23, 5, 7961),
(1749, 23, 6, 874),
(1750, 23, 7, 9452),
(1751, 24, 1, 9594),
(1752, 24, 2, 5102),
(1753, 24, 3, 697),
(1754, 24, 4, 9072),
(1755, 24, 5, 8113),
(1756, 24, 6, 8937),
(1757, 24, 7, 7876),
(1758, 26, 1, 6939),
(1759, 26, 2, 2694),
(1760, 26, 3, 747),
(1761, 26, 4, 1455),
(1762, 26, 5, 7965),
(1763, 26, 6, 4118),
(1764, 26, 7, 4009),
(1765, 1, 1, 2020),
(1766, 1, 2, 9741),
(1767, 1, 3, 8684),
(1768, 1, 4, 5618),
(1769, 1, 5, 8841),
(1770, 1, 6, 1581),
(1771, 1, 7, 1556),
(1772, 2, 1, 2840),
(1773, 2, 2, 9969),
(1774, 2, 3, 9794),
(1775, 2, 4, 8717),
(1776, 2, 5, 1550),
(1777, 2, 6, 5314),
(1778, 2, 7, 5468),
(1779, 3, 1, 1471),
(1780, 3, 2, 9849),
(1781, 3, 3, 9711),
(1782, 3, 4, 3163),
(1783, 3, 5, 8519),
(1784, 3, 6, 6633),
(1785, 3, 7, 2783),
(1786, 4, 1, 7308),
(1787, 4, 2, 5958),
(1788, 4, 3, 7333),
(1789, 4, 4, 9733),
(1790, 4, 5, 9083),
(1791, 4, 6, 610),
(1792, 4, 7, 1735),
(1793, 5, 1, 4903),
(1794, 5, 2, 4297),
(1795, 5, 3, 4995),
(1796, 5, 4, 3124),
(1797, 5, 5, 2478),
(1798, 5, 6, 5038),
(1799, 5, 7, 2483),
(1800, 6, 1, 1836),
(1801, 6, 2, 5040),
(1802, 6, 3, 9492),
(1803, 6, 4, 4008),
(1804, 6, 5, 9813),
(1805, 6, 6, 9884),
(1806, 6, 7, 7697),
(1807, 7, 1, 4691),
(1808, 7, 2, 6398),
(1809, 7, 3, 4448),
(1810, 7, 4, 2665),
(1811, 7, 5, 3793),
(1812, 7, 6, 7065),
(1813, 7, 7, 8174),
(1814, 8, 1, 1689),
(1815, 8, 2, 5572),
(1816, 8, 3, 4252),
(1817, 8, 4, 701),
(1818, 8, 5, 9820),
(1819, 8, 6, 9836),
(1820, 8, 7, 1576),
(1821, 9, 1, 2113),
(1822, 9, 2, 8741),
(1823, 9, 3, 3274),
(1824, 9, 4, 8955),
(1825, 9, 5, 744),
(1826, 9, 6, 9818),
(1827, 9, 7, 6097),
(1828, 10, 1, 7616),
(1829, 10, 2, 524),
(1830, 10, 3, 9333),
(1831, 10, 4, 1188),
(1832, 10, 5, 1797),
(1833, 10, 6, 8093),
(1834, 10, 7, 4669),
(1835, 11, 1, 2259),
(1836, 11, 2, 5811),
(1837, 11, 3, 4685),
(1838, 11, 4, 2662),
(1839, 11, 5, 1129),
(1840, 11, 6, 2268),
(1841, 11, 7, 8990),
(1842, 12, 1, 5807),
(1843, 12, 2, 9430),
(1844, 12, 3, 5990),
(1845, 12, 4, 2118),
(1846, 12, 5, 5084),
(1847, 12, 6, 3563),
(1848, 12, 7, 5522),
(1849, 13, 1, 6894),
(1850, 13, 2, 3213),
(1851, 13, 3, 5171),
(1852, 13, 4, 5963),
(1853, 13, 5, 1709),
(1854, 13, 6, 1602),
(1855, 13, 7, 6589),
(1856, 14, 1, 7057),
(1857, 14, 2, 7302),
(1858, 14, 3, 3267),
(1859, 14, 4, 3820),
(1860, 14, 5, 4259),
(1861, 14, 6, 3798),
(1862, 14, 7, 5443),
(1863, 15, 1, 2680),
(1864, 15, 2, 2225),
(1865, 15, 3, 8578),
(1866, 15, 4, 2827),
(1867, 15, 5, 5303),
(1868, 15, 6, 5666),
(1869, 15, 7, 6341),
(1870, 16, 1, 3507),
(1871, 16, 2, 5957),
(1872, 16, 3, 1858),
(1873, 16, 4, 7083),
(1874, 16, 5, 534),
(1875, 16, 6, 9639),
(1876, 16, 7, 7243),
(1877, 17, 1, 5324),
(1878, 17, 2, 1351),
(1879, 17, 3, 1167),
(1880, 17, 4, 7169),
(1881, 17, 5, 6857),
(1882, 17, 6, 3226),
(1883, 17, 7, 4555),
(1884, 18, 1, 1866),
(1885, 18, 2, 8259),
(1886, 18, 3, 4493),
(1887, 18, 4, 2518),
(1888, 18, 5, 1951),
(1889, 18, 6, 5448),
(1890, 18, 7, 6689),
(1891, 19, 1, 9102),
(1892, 19, 2, 3820),
(1893, 19, 3, 3089),
(1894, 19, 4, 3002),
(1895, 19, 5, 9234),
(1896, 19, 6, 9973),
(1897, 19, 7, 2525),
(1898, 20, 1, 4958),
(1899, 20, 2, 6765),
(1900, 20, 3, 864),
(1901, 20, 4, 8087),
(1902, 20, 5, 3690),
(1903, 20, 6, 9451),
(1904, 20, 7, 7956),
(1905, 21, 1, 1105),
(1906, 21, 2, 8759),
(1907, 21, 3, 3045),
(1908, 21, 4, 6928),
(1909, 21, 5, 9901),
(1910, 21, 6, 8820),
(1911, 21, 7, 1076),
(1912, 22, 1, 4642),
(1913, 22, 2, 3840),
(1914, 22, 3, 6599),
(1915, 22, 4, 5808),
(1916, 22, 5, 3248),
(1917, 22, 6, 7208),
(1918, 22, 7, 5755),
(1919, 23, 1, 1605),
(1920, 23, 2, 1515),
(1921, 23, 3, 2540),
(1922, 23, 4, 563),
(1923, 23, 5, 3543),
(1924, 23, 6, 1902),
(1925, 23, 7, 5226),
(1926, 24, 1, 5982),
(1927, 24, 2, 5042),
(1928, 24, 3, 5439),
(1929, 24, 4, 8718),
(1930, 24, 5, 7913),
(1931, 24, 6, 1059),
(1932, 24, 7, 5704),
(1933, 26, 1, 2747),
(1934, 26, 2, 2779),
(1935, 26, 3, 3013),
(1936, 26, 4, 6274),
(1937, 26, 5, 5532),
(1938, 26, 6, 5081),
(1939, 26, 7, 5943),
(1940, 1, 1, 2146),
(1941, 1, 2, 611),
(1942, 1, 3, 9892),
(1943, 1, 4, 802),
(1944, 1, 5, 2411),
(1945, 1, 6, 5787),
(1946, 1, 7, 4168),
(1947, 2, 1, 735),
(1948, 2, 2, 7655),
(1949, 2, 3, 8857),
(1950, 2, 4, 3390),
(1951, 2, 5, 1440),
(1952, 2, 6, 815),
(1953, 2, 7, 6556),
(1954, 3, 1, 4610),
(1955, 3, 2, 7872),
(1956, 3, 3, 1822),
(1957, 3, 4, 1955),
(1958, 3, 5, 1329),
(1959, 3, 6, 820),
(1960, 3, 7, 2869),
(1961, 4, 1, 4865),
(1962, 4, 2, 5145),
(1963, 4, 3, 7343),
(1964, 4, 4, 7539),
(1965, 4, 5, 8533),
(1966, 4, 6, 2634),
(1967, 4, 7, 2239),
(1968, 5, 1, 7906),
(1969, 5, 2, 3762),
(1970, 5, 3, 5974),
(1971, 5, 4, 1414),
(1972, 5, 5, 6497),
(1973, 5, 6, 1699),
(1974, 5, 7, 9921),
(1975, 6, 1, 6556),
(1976, 6, 2, 6382),
(1977, 6, 3, 7516),
(1978, 6, 4, 6068),
(1979, 6, 5, 6399),
(1980, 6, 6, 4320),
(1981, 6, 7, 2590),
(1982, 7, 1, 2751),
(1983, 7, 2, 6471),
(1984, 7, 3, 6651),
(1985, 7, 4, 4791),
(1986, 7, 5, 8521),
(1987, 7, 6, 3716),
(1988, 7, 7, 3340),
(1989, 8, 1, 8864),
(1990, 8, 2, 3338),
(1991, 8, 3, 9670),
(1992, 8, 4, 5571),
(1993, 8, 5, 9453),
(1994, 8, 6, 9621),
(1995, 8, 7, 4519),
(1996, 9, 1, 543),
(1997, 9, 2, 6004),
(1998, 9, 3, 5724),
(1999, 9, 4, 7927),
(2000, 9, 5, 8549),
(2001, 9, 6, 9395),
(2002, 9, 7, 4085),
(2003, 10, 1, 9430),
(2004, 10, 2, 1962),
(2005, 10, 3, 3969),
(2006, 10, 4, 6582),
(2007, 10, 5, 4936),
(2008, 10, 6, 2595),
(2009, 10, 7, 6044),
(2010, 11, 1, 6380),
(2011, 11, 2, 6366),
(2012, 11, 3, 9069),
(2013, 11, 4, 2504),
(2014, 11, 5, 1186),
(2015, 11, 6, 6178),
(2016, 11, 7, 1076),
(2017, 12, 1, 7224),
(2018, 12, 2, 851),
(2019, 12, 3, 2238),
(2020, 12, 4, 9160),
(2021, 12, 5, 3748),
(2022, 12, 6, 9225),
(2023, 12, 7, 2952),
(2024, 13, 1, 3344),
(2025, 13, 2, 5721),
(2026, 13, 3, 5939),
(2027, 13, 4, 6642),
(2028, 13, 5, 8837),
(2029, 13, 6, 9627),
(2030, 13, 7, 1095),
(2031, 14, 1, 1866),
(2032, 14, 2, 3368),
(2033, 14, 3, 8630),
(2034, 14, 4, 7344),
(2035, 14, 5, 3886),
(2036, 14, 6, 7256),
(2037, 14, 7, 6566),
(2038, 15, 1, 1776),
(2039, 15, 2, 8918),
(2040, 15, 3, 5718),
(2041, 15, 4, 3377),
(2042, 15, 5, 4419),
(2043, 15, 6, 5556),
(2044, 15, 7, 4567),
(2045, 16, 1, 9431),
(2046, 16, 2, 977),
(2047, 16, 3, 1573),
(2048, 16, 4, 1824),
(2049, 16, 5, 3858),
(2050, 16, 6, 6767),
(2051, 16, 7, 7010),
(2052, 17, 1, 6756),
(2053, 17, 2, 3849),
(2054, 17, 3, 9215),
(2055, 17, 4, 4416),
(2056, 17, 5, 4386),
(2057, 17, 6, 2053),
(2058, 17, 7, 1936),
(2059, 18, 1, 8315),
(2060, 18, 2, 7244),
(2061, 18, 3, 6059),
(2062, 18, 4, 5125),
(2063, 18, 5, 1352),
(2064, 18, 6, 6252),
(2065, 18, 7, 773),
(2066, 19, 1, 6737),
(2067, 19, 2, 4016),
(2068, 19, 3, 8523),
(2069, 19, 4, 3291),
(2070, 19, 5, 4784),
(2071, 19, 6, 8262),
(2072, 19, 7, 8267),
(2073, 20, 1, 4534),
(2074, 20, 2, 8906),
(2075, 20, 3, 1439),
(2076, 20, 4, 8784),
(2077, 20, 5, 7101),
(2078, 20, 6, 1253),
(2079, 20, 7, 8864),
(2080, 21, 1, 1339),
(2081, 21, 2, 2155),
(2082, 21, 3, 2280),
(2083, 21, 4, 2366),
(2084, 21, 5, 7433),
(2085, 21, 6, 3281),
(2086, 21, 7, 6816),
(2087, 22, 1, 6980),
(2088, 22, 2, 5059),
(2089, 22, 3, 899),
(2090, 22, 4, 8984),
(2091, 22, 5, 8841),
(2092, 22, 6, 4353),
(2093, 22, 7, 6940),
(2094, 23, 1, 6781),
(2095, 23, 2, 1113),
(2096, 23, 3, 720),
(2097, 23, 4, 7712),
(2098, 23, 5, 7861),
(2099, 23, 6, 3506),
(2100, 23, 7, 4387),
(2101, 24, 1, 8275),
(2102, 24, 2, 6332),
(2103, 24, 3, 2446),
(2104, 24, 4, 8900),
(2105, 24, 5, 1000),
(2106, 24, 6, 1548),
(2107, 24, 7, 5103),
(2108, 26, 1, 8199),
(2109, 26, 2, 5302),
(2110, 26, 3, 9279),
(2111, 26, 4, 7220),
(2112, 26, 5, 9378),
(2113, 26, 6, 9431),
(2114, 26, 7, 6313),
(2115, 1, 1, 5400),
(2116, 1, 2, 9556),
(2117, 1, 3, 3348),
(2118, 1, 4, 995),
(2119, 1, 5, 1152),
(2120, 1, 6, 914),
(2121, 1, 7, 7235),
(2122, 2, 1, 2396),
(2123, 2, 2, 8492),
(2124, 2, 3, 6715),
(2125, 2, 4, 7363),
(2126, 2, 5, 7948),
(2127, 2, 6, 3812),
(2128, 2, 7, 9378),
(2129, 3, 1, 3675),
(2130, 3, 2, 3783),
(2131, 3, 3, 7057),
(2132, 3, 4, 7162),
(2133, 3, 5, 6086),
(2134, 3, 6, 997),
(2135, 3, 7, 3147),
(2136, 4, 1, 7304),
(2137, 4, 2, 2019),
(2138, 4, 3, 9892),
(2139, 4, 4, 9719),
(2140, 4, 5, 8048),
(2141, 4, 6, 2579),
(2142, 4, 7, 6034),
(2143, 5, 1, 1939),
(2144, 5, 2, 2800),
(2145, 5, 3, 6517),
(2146, 5, 4, 9941),
(2147, 5, 5, 7152),
(2148, 5, 6, 5510),
(2149, 5, 7, 1076),
(2150, 6, 1, 2587),
(2151, 6, 2, 8120),
(2152, 6, 3, 4442),
(2153, 6, 4, 7366),
(2154, 6, 5, 5491),
(2155, 6, 6, 3451),
(2156, 6, 7, 5877),
(2157, 7, 1, 6743),
(2158, 7, 2, 9692),
(2159, 7, 3, 9844),
(2160, 7, 4, 7922),
(2161, 7, 5, 6692),
(2162, 7, 6, 2020),
(2163, 7, 7, 6106),
(2164, 8, 1, 5011),
(2165, 8, 2, 516),
(2166, 8, 3, 6559),
(2167, 8, 4, 2282),
(2168, 8, 5, 640),
(2169, 8, 6, 7359),
(2170, 8, 7, 5600),
(2171, 9, 1, 703),
(2172, 9, 2, 3663),
(2173, 9, 3, 5488),
(2174, 9, 4, 9518),
(2175, 9, 5, 5645),
(2176, 9, 6, 3086),
(2177, 9, 7, 7877),
(2178, 10, 1, 9112),
(2179, 10, 2, 1900),
(2180, 10, 3, 3641),
(2181, 10, 4, 2444),
(2182, 10, 5, 3623),
(2183, 10, 6, 4002),
(2184, 10, 7, 1285),
(2185, 11, 1, 7168),
(2186, 11, 2, 1214),
(2187, 11, 3, 9653),
(2188, 11, 4, 9476),
(2189, 11, 5, 7344),
(2190, 11, 6, 1332),
(2191, 11, 7, 4374),
(2192, 12, 1, 2125),
(2193, 12, 2, 1632),
(2194, 12, 3, 1160),
(2195, 12, 4, 9870),
(2196, 12, 5, 7035),
(2197, 12, 6, 4931),
(2198, 12, 7, 1689),
(2199, 13, 1, 7574),
(2200, 13, 2, 6745),
(2201, 13, 3, 5434),
(2202, 13, 4, 8966),
(2203, 13, 5, 4924),
(2204, 13, 6, 9559),
(2205, 13, 7, 6112),
(2206, 14, 1, 8337),
(2207, 14, 2, 1319),
(2208, 14, 3, 6271),
(2209, 14, 4, 7251),
(2210, 14, 5, 5523),
(2211, 14, 6, 658),
(2212, 14, 7, 5079),
(2213, 15, 1, 3176),
(2214, 15, 2, 5342),
(2215, 15, 3, 8152),
(2216, 15, 4, 1465),
(2217, 15, 5, 4059),
(2218, 15, 6, 3053),
(2219, 15, 7, 4542),
(2220, 16, 1, 9044),
(2221, 16, 2, 9071),
(2222, 16, 3, 870),
(2223, 16, 4, 1001),
(2224, 16, 5, 2781),
(2225, 16, 6, 1438),
(2226, 16, 7, 9527),
(2227, 17, 1, 2625),
(2228, 17, 2, 9623),
(2229, 17, 3, 7464),
(2230, 17, 4, 7067),
(2231, 17, 5, 3700),
(2232, 17, 6, 6983),
(2233, 17, 7, 979),
(2234, 18, 1, 8218),
(2235, 18, 2, 2763),
(2236, 18, 3, 6778),
(2237, 18, 4, 1898),
(2238, 18, 5, 6150),
(2239, 18, 6, 7537),
(2240, 18, 7, 3732),
(2241, 19, 1, 2593),
(2242, 19, 2, 4865),
(2243, 19, 3, 1997),
(2244, 19, 4, 9321),
(2245, 19, 5, 8069),
(2246, 19, 6, 6898),
(2247, 19, 7, 7412),
(2248, 20, 1, 2426),
(2249, 20, 2, 2825),
(2250, 20, 3, 2702),
(2251, 20, 4, 6985),
(2252, 20, 5, 5643),
(2253, 20, 6, 917),
(2254, 20, 7, 8705),
(2255, 21, 1, 7823),
(2256, 21, 2, 9091),
(2257, 21, 3, 9009),
(2258, 21, 4, 7097),
(2259, 21, 5, 8284),
(2260, 21, 6, 9922),
(2261, 21, 7, 2706),
(2262, 22, 1, 1064),
(2263, 22, 2, 8771),
(2264, 22, 3, 1513),
(2265, 22, 4, 3478),
(2266, 22, 5, 4154),
(2267, 22, 6, 8134),
(2268, 22, 7, 2088),
(2269, 23, 1, 1462),
(2270, 23, 2, 9600),
(2271, 23, 3, 4177),
(2272, 23, 4, 2320),
(2273, 23, 5, 8796),
(2274, 23, 6, 8284),
(2275, 23, 7, 9753),
(2276, 24, 1, 711),
(2277, 24, 2, 6627),
(2278, 24, 3, 6265),
(2279, 24, 4, 4978),
(2280, 24, 5, 1720),
(2281, 24, 6, 4983),
(2282, 24, 7, 8308),
(2283, 26, 1, 1467),
(2284, 26, 2, 5668),
(2285, 26, 3, 4912),
(2286, 26, 4, 2795),
(2287, 26, 5, 1629),
(2288, 26, 6, 5336),
(2289, 26, 7, 8874),
(2290, 1, 1, 2433),
(2291, 1, 2, 8881),
(2292, 1, 3, 7658),
(2293, 1, 4, 6656),
(2294, 1, 5, 6043),
(2295, 1, 6, 7789),
(2296, 1, 7, 9525),
(2297, 2, 1, 5775),
(2298, 2, 2, 1792),
(2299, 2, 3, 5648),
(2300, 2, 4, 572),
(2301, 2, 5, 7749),
(2302, 2, 6, 5548),
(2303, 2, 7, 4622),
(2304, 3, 1, 2556),
(2305, 3, 2, 2267),
(2306, 3, 3, 7871),
(2307, 3, 4, 5010),
(2308, 3, 5, 8990),
(2309, 3, 6, 5218),
(2310, 3, 7, 7323),
(2311, 4, 1, 6792),
(2312, 4, 2, 933),
(2313, 4, 3, 7332),
(2314, 4, 4, 5632),
(2315, 4, 5, 6817),
(2316, 4, 6, 8750),
(2317, 4, 7, 506),
(2318, 5, 1, 7306),
(2319, 5, 2, 6873),
(2320, 5, 3, 9176),
(2321, 5, 4, 2367),
(2322, 5, 5, 571),
(2323, 5, 6, 3317),
(2324, 5, 7, 1553),
(2325, 6, 1, 2127),
(2326, 6, 2, 9197),
(2327, 6, 3, 4445),
(2328, 6, 4, 1904),
(2329, 6, 5, 8838),
(2330, 6, 6, 5994),
(2331, 6, 7, 7184),
(2332, 7, 1, 2822),
(2333, 7, 2, 5246),
(2334, 7, 3, 6573),
(2335, 7, 4, 2664),
(2336, 7, 5, 644),
(2337, 7, 6, 1835),
(2338, 7, 7, 9479),
(2339, 8, 1, 6715),
(2340, 8, 2, 5541),
(2341, 8, 3, 2759),
(2342, 8, 4, 3489),
(2343, 8, 5, 5595),
(2344, 8, 6, 9160),
(2345, 8, 7, 3546),
(2346, 9, 1, 8201),
(2347, 9, 2, 9843),
(2348, 9, 3, 5829),
(2349, 9, 4, 532),
(2350, 9, 5, 2781),
(2351, 9, 6, 7194),
(2352, 9, 7, 4148),
(2353, 10, 1, 5635),
(2354, 10, 2, 7450),
(2355, 10, 3, 6839),
(2356, 10, 4, 4517),
(2357, 10, 5, 1595),
(2358, 10, 6, 4194),
(2359, 10, 7, 4244),
(2360, 11, 1, 6572),
(2361, 11, 2, 3162),
(2362, 11, 3, 8133),
(2363, 11, 4, 7789),
(2364, 11, 5, 9940),
(2365, 11, 6, 9028),
(2366, 11, 7, 9136),
(2367, 12, 1, 8143),
(2368, 12, 2, 1304),
(2369, 12, 3, 9237),
(2370, 12, 4, 2122),
(2371, 12, 5, 5869),
(2372, 12, 6, 4950),
(2373, 12, 7, 3944),
(2374, 13, 1, 4228),
(2375, 13, 2, 2490),
(2376, 13, 3, 3415),
(2377, 13, 4, 3080),
(2378, 13, 5, 4520),
(2379, 13, 6, 7085),
(2380, 13, 7, 6150),
(2381, 14, 1, 4883),
(2382, 14, 2, 9146),
(2383, 14, 3, 9109),
(2384, 14, 4, 8307),
(2385, 14, 5, 5755),
(2386, 14, 6, 9297),
(2387, 14, 7, 1184),
(2388, 15, 1, 8731),
(2389, 15, 2, 1098),
(2390, 15, 3, 1615),
(2391, 15, 4, 8628),
(2392, 15, 5, 8807),
(2393, 15, 6, 5238),
(2394, 15, 7, 1236),
(2395, 16, 1, 4812),
(2396, 16, 2, 6253),
(2397, 16, 3, 832),
(2398, 16, 4, 5419),
(2399, 16, 5, 3186),
(2400, 16, 6, 2437),
(2401, 16, 7, 7152),
(2402, 17, 1, 2872),
(2403, 17, 2, 1826),
(2404, 17, 3, 1881),
(2405, 17, 4, 5827),
(2406, 17, 5, 6117),
(2407, 17, 6, 9711),
(2408, 17, 7, 4146),
(2409, 18, 1, 5868),
(2410, 18, 2, 8780),
(2411, 18, 3, 9164),
(2412, 18, 4, 2935),
(2413, 18, 5, 9147),
(2414, 18, 6, 3439),
(2415, 18, 7, 3194),
(2416, 19, 1, 1802),
(2417, 19, 2, 5170),
(2418, 19, 3, 7037),
(2419, 19, 4, 6342),
(2420, 19, 5, 9042),
(2421, 19, 6, 4780),
(2422, 19, 7, 1802),
(2423, 20, 1, 4154),
(2424, 20, 2, 7061),
(2425, 20, 3, 9079),
(2426, 20, 4, 5825),
(2427, 20, 5, 8019),
(2428, 20, 6, 7494),
(2429, 20, 7, 9775),
(2430, 21, 1, 6270),
(2431, 21, 2, 4849),
(2432, 21, 3, 3469),
(2433, 21, 4, 7590),
(2434, 21, 5, 3272),
(2435, 21, 6, 7510),
(2436, 21, 7, 4586),
(2437, 22, 1, 5022),
(2438, 22, 2, 7129),
(2439, 22, 3, 5716),
(2440, 22, 4, 9613),
(2441, 22, 5, 7676),
(2442, 22, 6, 4894),
(2443, 22, 7, 4902),
(2444, 23, 1, 3049),
(2445, 23, 2, 952),
(2446, 23, 3, 3177),
(2447, 23, 4, 4405),
(2448, 23, 5, 7579),
(2449, 23, 6, 8074),
(2450, 23, 7, 3301),
(2451, 24, 1, 9089),
(2452, 24, 2, 9106),
(2453, 24, 3, 6273),
(2454, 24, 4, 9097),
(2455, 24, 5, 2215),
(2456, 24, 6, 2842),
(2457, 24, 7, 6912),
(2458, 26, 1, 8768),
(2459, 26, 2, 2317),
(2460, 26, 3, 4670),
(2461, 26, 4, 3381),
(2462, 26, 5, 7304),
(2463, 26, 6, 9037),
(2464, 26, 7, 8375),
(2465, 1, 1, 7370),
(2466, 1, 2, 2356),
(2467, 1, 3, 8149),
(2468, 1, 4, 9991),
(2469, 1, 5, 4859),
(2470, 1, 6, 1125),
(2471, 1, 7, 3092),
(2472, 2, 1, 6756),
(2473, 2, 2, 5502),
(2474, 2, 3, 584),
(2475, 2, 4, 7741),
(2476, 2, 5, 8496),
(2477, 2, 6, 9044),
(2478, 2, 7, 9062),
(2479, 3, 1, 2111),
(2480, 3, 2, 5788),
(2481, 3, 3, 9495),
(2482, 3, 4, 1019),
(2483, 3, 5, 1675),
(2484, 3, 6, 9669),
(2485, 3, 7, 8617),
(2486, 4, 1, 3007),
(2487, 4, 2, 8057),
(2488, 4, 3, 2417),
(2489, 4, 4, 6240),
(2490, 4, 5, 8425),
(2491, 4, 6, 9267),
(2492, 4, 7, 1184),
(2493, 5, 1, 1525),
(2494, 5, 2, 7790),
(2495, 5, 3, 1835),
(2496, 5, 4, 6504),
(2497, 5, 5, 3842),
(2498, 5, 6, 6398),
(2499, 5, 7, 5605),
(2500, 6, 1, 9414),
(2501, 6, 2, 4847),
(2502, 6, 3, 4686),
(2503, 6, 4, 1608),
(2504, 6, 5, 2799),
(2505, 6, 6, 2867),
(2506, 6, 7, 1974),
(2507, 7, 1, 575),
(2508, 7, 2, 3736),
(2509, 7, 3, 5658),
(2510, 7, 4, 2033),
(2511, 7, 5, 8182),
(2512, 7, 6, 8555),
(2513, 7, 7, 3375),
(2514, 8, 1, 7516),
(2515, 8, 2, 7902),
(2516, 8, 3, 8732),
(2517, 8, 4, 9328),
(2518, 8, 5, 3798),
(2519, 8, 6, 8459),
(2520, 8, 7, 9399),
(2521, 9, 1, 3437),
(2522, 9, 2, 2532),
(2523, 9, 3, 4158),
(2524, 9, 4, 3003),
(2525, 9, 5, 5192),
(2526, 9, 6, 3219),
(2527, 9, 7, 1447),
(2528, 10, 1, 4424),
(2529, 10, 2, 9519),
(2530, 10, 3, 9959),
(2531, 10, 4, 7364),
(2532, 10, 5, 4712),
(2533, 10, 6, 6282),
(2534, 10, 7, 5619),
(2535, 11, 1, 9961),
(2536, 11, 2, 7352),
(2537, 11, 3, 3567),
(2538, 11, 4, 3667),
(2539, 11, 5, 8509),
(2540, 11, 6, 6223),
(2541, 11, 7, 4866),
(2542, 12, 1, 7537),
(2543, 12, 2, 8737),
(2544, 12, 3, 1312),
(2545, 12, 4, 4069),
(2546, 12, 5, 3031),
(2547, 12, 6, 7698),
(2548, 12, 7, 2041),
(2549, 13, 1, 7719),
(2550, 13, 2, 6991),
(2551, 13, 3, 5280),
(2552, 13, 4, 8508),
(2553, 13, 5, 9325),
(2554, 13, 6, 8521),
(2555, 13, 7, 5409),
(2556, 14, 1, 5059),
(2557, 14, 2, 1266),
(2558, 14, 3, 1432),
(2559, 14, 4, 794),
(2560, 14, 5, 9484),
(2561, 14, 6, 5620),
(2562, 14, 7, 7656),
(2563, 15, 1, 9542),
(2564, 15, 2, 3592),
(2565, 15, 3, 7994),
(2566, 15, 4, 6613),
(2567, 15, 5, 7206),
(2568, 15, 6, 8457),
(2569, 15, 7, 2792),
(2570, 16, 1, 2998),
(2571, 16, 2, 3212),
(2572, 16, 3, 6713),
(2573, 16, 4, 6328),
(2574, 16, 5, 4735),
(2575, 16, 6, 1104),
(2576, 16, 7, 9204),
(2577, 17, 1, 1909),
(2578, 17, 2, 7088),
(2579, 17, 3, 4548),
(2580, 17, 4, 2798),
(2581, 17, 5, 2951),
(2582, 17, 6, 4328),
(2583, 17, 7, 5170),
(2584, 18, 1, 2595),
(2585, 18, 2, 512),
(2586, 18, 3, 674),
(2587, 18, 4, 2036),
(2588, 18, 5, 7780),
(2589, 18, 6, 2977),
(2590, 18, 7, 6055),
(2591, 19, 1, 2162),
(2592, 19, 2, 6606),
(2593, 19, 3, 1552),
(2594, 19, 4, 4845),
(2595, 19, 5, 9981),
(2596, 19, 6, 4325),
(2597, 19, 7, 9761),
(2598, 20, 1, 942),
(2599, 20, 2, 839),
(2600, 20, 3, 4687),
(2601, 20, 4, 4591),
(2602, 20, 5, 3207),
(2603, 20, 6, 3121),
(2604, 20, 7, 9762),
(2605, 21, 1, 9220),
(2606, 21, 2, 5000),
(2607, 21, 3, 6089),
(2608, 21, 4, 3895),
(2609, 21, 5, 811),
(2610, 21, 6, 5287),
(2611, 21, 7, 1381),
(2612, 22, 1, 5421),
(2613, 22, 2, 3648),
(2614, 22, 3, 1209),
(2615, 22, 4, 8221),
(2616, 22, 5, 6958),
(2617, 22, 6, 7675),
(2618, 22, 7, 4329),
(2619, 23, 1, 2609),
(2620, 23, 2, 6388),
(2621, 23, 3, 3567),
(2622, 23, 4, 7868),
(2623, 23, 5, 6792),
(2624, 23, 6, 3465),
(2625, 23, 7, 6616),
(2626, 24, 1, 9060),
(2627, 24, 2, 9434),
(2628, 24, 3, 2656),
(2629, 24, 4, 3189),
(2630, 24, 5, 9069),
(2631, 24, 6, 4550),
(2632, 24, 7, 4204),
(2633, 26, 1, 5847),
(2634, 26, 2, 6924),
(2635, 26, 3, 3964),
(2636, 26, 4, 7550),
(2637, 26, 5, 4421),
(2638, 26, 6, 575),
(2639, 26, 7, 3439);
COMMIT;

/*!40101 SET CHARACTER_SET_CLIENT=@OLD_CHARACTER_SET_CLIENT */;
/*!40101 SET CHARACTER_SET_RESULTS=@OLD_CHARACTER_SET_RESULTS */;
/*!40101 SET COLLATION_CONNECTION=@OLD_COLLATION_CONNECTION */;
